"","pathway","pval","padj","log2err","ES","NES","size","leadingEdge"
"1","HALLMARK_ALLOGRAFT_REJECTION",0.299295774647887,0.598591549295775,0.0780892306943345,0.291160048730088,1.15362769105568,19,"c(`16423` = ""Cd47"", `12524` = ""Cd86"", `14191` = ""Fgr"", `14130` = ""Fcgr2b"", `18636` = ""Cfp"")"
"2","HALLMARK_INFLAMMATORY_RESPONSE",0.770352369380316,0.770352369380316,0.0347156757446657,0.20863309352518,0.761668738367194,15,"c(`21942` = ""Tnfrsf9"", `16175` = ""Il1a"", `23845` = ""Clec5a"", `18173` = ""Slc11a1"", `14289` = ""Fpr2"", `17167` = ""Marco"", `16176` = ""Il1b"", `54483` = ""Mefv"", `14293` = ""Fpr1"", `13058` = ""Cybb"", `16822` = ""Lcp2"", `18793` = ""Plaur"", `20288` = ""Msr1"", `19204` = ""Ptafr"", `15162` = ""Hck"")"
