"","ID","Description","GeneRatio","BgRatio","pvalue","p.adjust","qvalue","geneID","Count"
"mmu01100","mmu01100","Metabolic pathways","71/158","460/2069",2.99317155609643e-11,5.20811850760779e-09,4.50551086865042e-09,"76282/12351/11486/13088/14598/11484/58866/212647/69983/11997/68396/63857/103142/17161/66469/238011/14933/18010/104086/231396/66988/13113/74156/71519/66054/109264/74091/12012/209558/338403/72962/70266/72269/11847/13850/17718/20322/12182/230163/110524/13350/68636/22169/56752/66358/107869/228550/56388/22117/17449/433256/223646/76768/54391/14718/64899/211389/225913/18416/14544/170716/217830/433247/212862/231510/19125/76263/217666/20280/23971/319625",71
"mmu00330","mmu00330","Arginine and proline metabolism","9/158","23/2069",2.27374514255128e-05,0.00197815827401961,0.00171129239676228,"212647/17161/66988/66054/338403/11847/56752/14718/19125",9
"mmu00561","mmu00561","Glycerolipid metabolism","9/158","25/2069",4.9716592937384e-05,0.00288356239036827,0.00249455185615646,"11997/233549/14933/110524/13350/56752/64899/225913/231510",9
"mmu03320","mmu03320","PPAR signaling pathway","11/158","42/2069",0.000194989061394637,0.0084820241706667,0.00733774625774554,"14080/57875/14079/14933/104086/16204/109264/26569/433256/20280/22259",11
"mmu00340","mmu00340","Histidine metabolism","5/158","11/2069",0.000772623419259023,0.0233178185217083,0.0201720995075879,"11484/17161/66054/338403/56752",5
"mmu00830","mmu00830","Retinol metabolism","8/158","28/2069",0.000804062707645112,0.0233178185217083,0.0201720995075879,"13088/63857/103142/231396/13113/13350/56388/433247",8
"mmu00140","mmu00140","Steroid hormone biosynthesis","7/158","23/2069",0.0011430430766725,0.0248611869176268,0.021507257890022,"76279/13088/231396/13113/192970/56388/433247",7
"mmu04975","mmu04975","Fat digestion and absorption","7/158","23/2069",0.0011430430766725,0.0248611869176268,0.021507257890022,"14080/14079/233549/26569/17777/13350/27409",7
